subscription_type,avg_churn_prob
basic,0.9924718320839157
none,0.9908861644833888
premium,0.9875638483793333
