device,avg_churn_prob
iOS,0.9923132128639379
Android,0.990321405529211
