{
  "logreg": {
    "AUC": 0.9637304493545183,
    "Recall": 1.0,
    "Precision": 0.848,
    "F1": 0.9177489177489178,
    "Threshold": 0.07078723084998105
  },
  "random_forest": {
    "AUC": 0.7554811631082423,
    "Recall": 1.0,
    "Precision": 0.848,
    "F1": 0.9177489177489178,
    "Threshold": 0.3625
  }
}