,delay_event_created,delay_created_received,delay_event_received
count,200000.0,200000.0,200000.0
mean,0.0,1.0004,1.0004
std,0.0,0.8175225878940974,0.8175225878940974
min,0.0,0.0,0.0
1%,0.0,0.0,0.0
5%,0.0,0.0,0.0
50%,0.0,1.0,1.0
95%,0.0,2.0,2.0
99%,0.0,2.0,2.0
max,0.0,2.0,2.0
